iter	MultiClass
0	1.098587871
1	1.098558053
2	1.098530174
3	1.098504942
4	1.098479379
5	1.098448499
6	1.098424441
7	1.098395303
8	1.098369042
9	1.098340155
